{
  "classical_codon": {
    "mean": [
      0.7996699213981628,
      45.07203674316406,
      0.3916034996509552,
      0.06862688809633255,
      0.9794216752052307,
      0.5799941420555115,
      0.3901790976524353,
      0.5468388199806213,
      0.5056636333465576,
      1007.6715087890625,
      2.4416251182556152
    ],
    "std": [
      0.03876259922981262,
      5.334306240081787,
      0.1890072524547577,
      0.0422518365085125,
      0.05904848873615265,
      0.08676552772521973,
      0.06444304436445236,
      0.21850289404392242,
      0.11221209168434143,
      685.7282104492188,
      11.272821426391602
    ],
    "n_genes": 492026,
    "n_features": 11,
    "feature_cols": [
      "cai",
      "enc",
      "fop",
      "cpb",
      "codon_ramp_ratio",
      "gc1",
      "gc2",
      "gc3",
      "gc_cds",
      "cds_length_nt",
      "rare_codon_clusters"
    ]
  },
  "classical_rna_init": {
    "mean": [
      0.4251338839530945,
      0.4334952235221863,
      0.4133627414703369,
      0.5874456167221069,
      0.5609341263771057,
      8.217415809631348,
      0.7596038579940796,
      -8.341119766235352,
      -2.763301372528076,
      0.5263166427612305,
      -4.018344879150391,
      -9.72523021697998,
      7.808448314666748,
      14.83906364440918,
      1.0654343366622925,
      4.857875347137451
    ],
    "std": [
      0.11849027872085571,
      0.137701615691185,
      0.12586474418640137,
      0.12604625523090363,
      0.2851986885070801,
      5.941394805908203,
      0.38150322437286377,
      4.782287120819092,
      2.4090893268585205,
      0.21331414580345154,
      514.049072265625,
      4.664538860321045,
      3.469392776489258,
      5.649382591247559,
      0.21700522303581238,
      3.432023048400879
    ],
    "n_genes": 492026,
    "n_features": 16,
    "feature_cols": [
      "gc_content",
      "gc_content_upstream",
      "gc_content_downstream",
      "au_richness_init",
      "sd_score",
      "sd_spacing",
      "sd_spacing_penalty",
      "mfe_full",
      "mfe_rbs",
      "accessibility_start",
      "sd_binding_dg",
      "ensemble_energy",
      "ensemble_diversity",
      "drach_density_cds",
      "cpg_oe_cds",
      "dam_density_cds"
    ]
  },
  "classical_protein": {
    "mean": [
      6.7089715003967285,
      37083.4921875,
      -0.1627746969461441,
      36.607173919677734,
      93.45755767822266,
      0.07847227901220322,
      -4.843388557434082,
      1.449562907218933,
      334.8859558105469,
      5.624746799468994,
      0.009128742851316929,
      0.4319157302379608,
      0.25457945466041565,
      0.22899147868156433,
      0.22110630571842194,
      0.041828859597444534,
      0.44078564643859863,
      0.0313665047287941,
      0.7785698175430298,
      1.376160979270935,
      0.2763858139514923,
      2.4348185062408447,
      0.04358813911676407,
      0.0981396734714508
    ],
    "std": [
      2.006802797317505,
      25189.337890625,
      0.36255010962486267,
      10.089585304260254,
      14.586198806762695,
      0.028920520097017288,
      12.089962005615234,
      0.6353763937950134,
      228.5591583251953,
      0.6253769397735596,
      0.009742812253534794,
      0.0514121949672699,
      0.055016372352838516,
      0.04395301640033722,
      0.047721102833747864,
      0.01754276640713215,
      0.49674007296562195,
      0.030632512643933296,
      0.15778137743473053,
      2.0645737648010254,
      0.6169235110282898,
      2.9294958114624023,
      0.05055778846144676,
      0.10044944286346436
    ],
    "n_genes": 492026,
    "n_features": 24,
    "feature_cols": [
      "pI",
      "mw",
      "gravy",
      "instability_index",
      "aliphatic_index",
      "aromaticity",
      "charge_ph7",
      "boman_index",
      "protein_length",
      "log_protein_length",
      "cysteine_fraction",
      "hydrophobic_fraction",
      "charged_fraction",
      "polar_fraction",
      "tiny_fraction",
      "proline_fraction",
      "metap_cleaved",
      "abs_charge_per_res",
      "charge_balance",
      "n_glycosylation_motifs",
      "pest_motif_count",
      "hydrophobic_patch_count",
      "hydrophobic_patch_fraction",
      "low_complexity_fraction"
    ]
  },
  "classical_disorder": {
    "mean": [
      0.12520790100097656,
      0.05652998387813568,
      12.70058536529541,
      0.2746052145957947,
      0.1924169957637787,
      0.2322334498167038,
      -0.01346437819302082,
      0.1699010729789734
    ],
    "std": [
      0.11413180083036423,
      0.13065332174301147,
      32.27450942993164,
      0.22322344779968262,
      0.19330443441867828,
      0.05348961800336838,
      0.04172302410006523,
      0.04120129346847534
    ],
    "n_genes": 492026,
    "n_features": 8,
    "feature_cols": [
      "disorder_mean",
      "disorder_fraction",
      "longest_idr",
      "disorder_nterm",
      "disorder_cterm",
      "fcr",
      "ncpr",
      "kappa"
    ]
  },
  "classical_operon_struct": {
    "mean": [
      2026.3087158203125,
      1.6681151390075684,
      1.3340575695037842,
      0.5,
      0.8573225736618042,
      0.8573225736618042,
      0.7863243222236633,
      0.6962939500808716,
      29.078350067138672,
      29.078350067138672
    ],
    "std": [
      2442.738525390625,
      1.9905651807785034,
      1.2122021913528442,
      0.1953282356262207,
      0.3489915430545807,
      0.3489915430545807,
      0.4103507101535797,
      0.2678319215774536,
      221.62939453125,
      221.62940979003906
    ],
    "n_genes": 492026,
    "n_features": 10,
    "feature_cols": [
      "operon_length_nt",
      "operon_num_genes",
      "gene_position_in_operon",
      "gene_relative_position",
      "is_first_gene",
      "is_last_gene",
      "is_singleton",
      "cds_fraction_of_operon",
      "upstream_intergenic_dist_nt",
      "downstream_intergenic_dist_nt"
    ]
  },
  "extra_precomputed": {
    "mean": [
      0.0928611308336258,
      0.009128732606768608,
      0.05611637979745865,
      0.06673882901668549,
      0.037953369319438934,
      0.07199717313051224,
      0.022355476394295692,
      0.06173902377486229,
      0.05514289066195488,
      0.10065220296382904,
      0.026347877457737923,
      0.038310982286930084,
      0.041828833520412445,
      0.042981985956430435,
      0.05424880608916283,
      0.05625712126493454,
      0.053021278232336044,
      0.07187046110630035,
      0.011208856478333473,
      0.029316294938325882,
      0.5485543608665466,
      0.059667397290468216,
      0.04739896208047867,
      19.63263702392578,
      0.463862806558609,
      4.8777910706121475e-05
    ],
    "std": [
      0.03397296741604805,
      0.00974279921501875,
      0.01945997029542923,
      0.026159217581152916,
      0.017406323924660683,
      0.024119015783071518,
      0.012876961380243301,
      0.024121560156345367,
      0.030115319415926933,
      0.029259486123919487,
      0.012145057320594788,
      0.01821686513721943,
      0.017542764544487,
      0.019813738763332367,
      0.024727191776037216,
      0.018891798332333565,
      0.01776854135096073,
      0.021951403468847275,
      0.009779773652553558,
      0.015084309503436089,
      0.21930882334709167,
      0.09302277863025665,
      0.10537608712911606,
      18.2442684173584,
      0.2780153155326843,
      0.006983793340623379
    ],
    "n_genes": 492026,
    "n_features": 26,
    "feature_cols": [
      "aa_freq_a",
      "aa_freq_c",
      "aa_freq_d",
      "aa_freq_e",
      "aa_freq_f",
      "aa_freq_g",
      "aa_freq_h",
      "aa_freq_i",
      "aa_freq_k",
      "aa_freq_l",
      "aa_freq_m",
      "aa_freq_n",
      "aa_freq_p",
      "aa_freq_q",
      "aa_freq_r",
      "aa_freq_s",
      "aa_freq_t",
      "aa_freq_v",
      "aa_freq_w",
      "aa_freq_y",
      "gc3",
      "gc_skew",
      "at_skew",
      "internal_sd_count",
      "kozak_score",
      "is_leaderless"
    ]
  }
}